{
  "project_info": {
    "project_number": "144197343599",
    "project_id": "ekyeyo-jobs",
    "storage_bucket": "ekyeyo-jobs.appspot.com"
  },
  "client": [
    {
      "client_info": {
        "mobilesdk_app_id": "1:144197343599:android:ac3b1493fb2d358f51b09a",
        "android_client_info": {
          "package_name": "dkcodes2023.ekyeyo"
        }
      },
      "oauth_client": [
        {
          "client_id": "144197343599-r61el7dd7rimvq72ktp5m8ut3c2tg9n0.apps.googleusercontent.com",
          "client_type": 3
        }
      ],
      "api_key": [
        {
          "current_key": "AIzaSyAXH77pSplKwFudESExVy2DPCnRmxKc1vI"
        }
      ],
      "services": {
        "appinvite_service": {
          "other_platform_oauth_client": [
            {
              "client_id": "144197343599-r61el7dd7rimvq72ktp5m8ut3c2tg9n0.apps.googleusercontent.com",
              "client_type": 3
            }
          ]
        }
      }
    }
  ],
  "configuration_version": "1"
}